sample_id,tp53_status,mutation_type,codon_position,vaf,tmb,stage,smoking_status
TCGA-LUAD-MUT-0001,Mutant,Missense,315.0,0.293,18.56,I,Former
TCGA-LUAD-MUT-0002,Mutant,Splice Site,104.0,0.731,4.48,II,Smoker
TCGA-LUAD-MUT-0003,Mutant,Nonsense,111.0,0.501,29.5,I,Former
TCGA-LUAD-MUT-0004,Mutant,Missense,159.0,0.51,12.1,IV,Smoker
TCGA-LUAD-MUT-0005,Mutant,Missense,273.0,0.611,10.42,III,Former
TCGA-LUAD-MUT-0006,Mutant,Missense,154.0,0.694,18.66,II,Former
TCGA-LUAD-MUT-0007,Mutant,Missense,247.0,0.813,22.37,I,Smoker
TCGA-LUAD-MUT-0008,Mutant,Frameshift,313.0,0.455,13.57,IV,Former
TCGA-LUAD-MUT-0009,Mutant,Missense,273.0,0.499,16.42,III,Former
TCGA-LUAD-MUT-0010,Mutant,Nonsense,362.0,0.635,25.73,III,Former
TCGA-LUAD-MUT-0011,Mutant,Missense,359.0,0.449,13.25,I,Smoker
TCGA-LUAD-MUT-0012,Mutant,Splice Site,195.0,0.739,19.72,II,Smoker
TCGA-LUAD-MUT-0013,Mutant,Frameshift,320.0,0.634,6.08,I,Never
TCGA-LUAD-MUT-0014,Mutant,Missense,175.0,0.72,7.81,I,Smoker
TCGA-LUAD-MUT-0015,Mutant,Missense,157.0,0.174,23.65,III,Former
TCGA-LUAD-MUT-0016,Mutant,Missense,209.0,0.136,7.57,III,Former
TCGA-LUAD-MUT-0017,Mutant,Missense,198.0,0.248,18.92,II,Former
TCGA-LUAD-MUT-0018,Mutant,Missense,196.0,0.563,15.06,IV,Smoker
TCGA-LUAD-MUT-0019,Mutant,Missense,171.0,0.688,13.21,II,Smoker
TCGA-LUAD-MUT-0020,Mutant,Missense,370.0,0.87,10.0,II,Former
TCGA-LUAD-MUT-0021,Mutant,Missense,326.0,0.393,28.38,I,Smoker
TCGA-LUAD-MUT-0022,Mutant,Missense,143.0,0.794,46.43,IV,Smoker
TCGA-LUAD-MUT-0023,Mutant,Missense,109.0,0.495,19.69,I,Smoker
TCGA-LUAD-MUT-0024,Mutant,Missense,280.0,0.67,19.96,IV,Smoker
TCGA-LUAD-MUT-0025,Mutant,Missense,168.0,0.485,10.92,III,Never
TCGA-LUAD-MUT-0026,Mutant,Nonsense,369.0,0.738,8.02,I,Smoker
TCGA-LUAD-MUT-0027,Mutant,Missense,330.0,0.838,16.06,II,Smoker
TCGA-LUAD-MUT-0028,Mutant,Missense,178.0,0.678,9.17,IV,Smoker
TCGA-LUAD-MUT-0029,Mutant,Missense,180.0,0.913,5.68,II,Former
TCGA-LUAD-MUT-0030,Mutant,Missense,109.0,0.311,26.63,IV,Former
TCGA-LUAD-MUT-0031,Mutant,Missense,173.0,0.952,27.42,IV,Smoker
TCGA-LUAD-MUT-0032,Mutant,Missense,175.0,0.919,9.82,II,Former
TCGA-LUAD-MUT-0033,Mutant,Missense,290.0,0.792,19.04,II,Former
TCGA-LUAD-MUT-0034,Mutant,Splice Site,341.0,0.365,30.0,IV,Never
TCGA-LUAD-MUT-0035,Mutant,Splice Site,147.0,0.728,18.6,III,Former
TCGA-LUAD-MUT-0036,Mutant,Frameshift,177.0,0.627,8.04,I,Smoker
TCGA-LUAD-MUT-0037,Mutant,Missense,169.0,0.901,14.3,I,Smoker
TCGA-LUAD-MUT-0038,Mutant,Missense,282.0,0.539,36.46,II,Smoker
TCGA-LUAD-MUT-0039,Mutant,Nonsense,140.0,0.743,19.07,IV,Smoker
TCGA-LUAD-MUT-0040,Mutant,Missense,288.0,0.369,22.73,III,Never
TCGA-LUAD-MUT-0041,Mutant,Missense,323.0,0.364,20.19,III,Smoker
TCGA-LUAD-MUT-0042,Mutant,Missense,240.0,0.664,9.84,I,Smoker
TCGA-LUAD-MUT-0043,Mutant,Missense,243.0,0.558,11.33,I,Former
TCGA-LUAD-MUT-0044,Mutant,Splice Site,120.0,0.786,20.15,IV,Former
TCGA-LUAD-MUT-0045,Mutant,Missense,329.0,0.57,26.85,I,Smoker
TCGA-LUAD-MUT-0046,Mutant,Nonsense,298.0,0.663,31.82,I,Smoker
TCGA-LUAD-MUT-0047,Mutant,Missense,127.0,0.936,9.83,I,Smoker
TCGA-LUAD-MUT-0048,Mutant,Missense,205.0,0.639,21.32,III,Former
TCGA-LUAD-MUT-0049,Mutant,Missense,195.0,0.956,33.52,IV,Smoker
TCGA-LUAD-MUT-0050,Mutant,Missense,137.0,0.483,9.1,I,Smoker
TCGA-LUAD-MUT-0051,Mutant,Splice Site,236.0,0.423,40.13,II,Former
TCGA-LUAD-MUT-0052,Mutant,Nonsense,336.0,0.801,43.96,III,Smoker
TCGA-LUAD-MUT-0053,Mutant,Splice Site,271.0,0.561,79.44,IV,Former
TCGA-LUAD-MUT-0054,Mutant,Frameshift,120.0,0.839,18.89,I,Former
TCGA-LUAD-MUT-0055,Mutant,Missense,273.0,0.796,18.95,II,Smoker
TCGA-LUAD-MUT-0056,Mutant,Splice Site,145.0,0.27,27.01,II,Never
TCGA-LUAD-MUT-0057,Mutant,Missense,289.0,0.835,26.54,IV,Former
TCGA-LUAD-MUT-0058,Mutant,Missense,255.0,0.729,32.32,II,Smoker
TCGA-LUAD-MUT-0059,Mutant,Missense,269.0,0.539,26.32,I,Former
TCGA-LUAD-MUT-0060,Mutant,Missense,392.0,0.917,15.43,III,Former
TCGA-LUAD-MUT-0061,Mutant,Missense,248.0,0.66,34.23,III,Former
TCGA-LUAD-MUT-0062,Mutant,Missense,151.0,0.657,8.65,I,Smoker
TCGA-LUAD-MUT-0063,Mutant,Frameshift,340.0,0.657,16.5,IV,Never
TCGA-LUAD-MUT-0064,Mutant,Missense,305.0,0.379,42.02,I,Smoker
TCGA-LUAD-MUT-0065,Mutant,Missense,273.0,0.163,7.77,II,Smoker
TCGA-LUAD-MUT-0066,Mutant,Missense,273.0,0.467,10.95,II,Smoker
TCGA-LUAD-MUT-0067,Mutant,Missense,301.0,0.265,24.61,III,Smoker
TCGA-LUAD-MUT-0068,Mutant,Frameshift,249.0,0.203,20.83,II,Former
TCGA-LUAD-MUT-0069,Mutant,Missense,297.0,0.487,9.73,IV,Smoker
TCGA-LUAD-MUT-0070,Mutant,In-frame Deletion,376.0,0.203,12.81,III,Smoker
TCGA-LUAD-MUT-0071,Mutant,Nonsense,151.0,0.823,8.1,III,Never
TCGA-LUAD-MUT-0072,Mutant,Missense,341.0,0.542,29.62,III,Smoker
TCGA-LUAD-MUT-0073,Mutant,Missense,231.0,0.587,14.1,III,Smoker
TCGA-LUAD-MUT-0074,Mutant,Frameshift,274.0,0.51,48.2,I,Smoker
TCGA-LUAD-MUT-0075,Mutant,Nonsense,301.0,0.595,17.26,II,Smoker
TCGA-LUAD-MUT-0076,Mutant,Nonsense,198.0,0.593,14.41,IV,Smoker
TCGA-LUAD-MUT-0077,Mutant,Nonsense,147.0,0.359,13.6,I,Former
TCGA-LUAD-MUT-0078,Mutant,Missense,308.0,0.679,14.2,III,Smoker
TCGA-LUAD-MUT-0079,Mutant,Missense,376.0,0.735,17.58,IV,Smoker
TCGA-LUAD-MUT-0080,Mutant,Missense,249.0,0.229,74.25,I,Former
TCGA-LUAD-MUT-0081,Mutant,Frameshift,249.0,0.434,13.42,III,Former
TCGA-LUAD-MUT-0082,Mutant,Nonsense,331.0,0.719,13.68,II,Smoker
TCGA-LUAD-MUT-0083,Mutant,Missense,387.0,0.238,17.1,II,Former
TCGA-LUAD-MUT-0084,Mutant,Missense,298.0,0.66,31.63,I,Smoker
TCGA-LUAD-MUT-0085,Mutant,Missense,309.0,0.919,7.01,I,Former
TCGA-LUAD-MUT-0086,Mutant,Missense,211.0,0.574,21.61,III,Former
TCGA-LUAD-MUT-0087,Mutant,Nonsense,391.0,0.579,10.07,III,Smoker
TCGA-LUAD-MUT-0088,Mutant,Nonsense,203.0,0.869,22.92,III,Never
TCGA-LUAD-MUT-0089,Mutant,Frameshift,229.0,0.447,12.23,II,Smoker
TCGA-LUAD-MUT-0090,Mutant,Missense,214.0,0.876,4.13,I,Former
TCGA-LUAD-MUT-0091,Mutant,Missense,248.0,0.664,20.53,III,Smoker
TCGA-LUAD-MUT-0092,Mutant,Nonsense,230.0,0.752,20.42,I,Former
TCGA-LUAD-MUT-0093,Mutant,Nonsense,152.0,0.513,11.62,IV,Former
TCGA-LUAD-MUT-0094,Mutant,Missense,319.0,0.777,11.21,III,Former
TCGA-LUAD-MUT-0095,Mutant,Nonsense,374.0,0.483,7.49,III,Smoker
TCGA-LUAD-MUT-0096,Mutant,Missense,116.0,0.667,26.15,IV,Former
TCGA-LUAD-MUT-0097,Mutant,Missense,219.0,0.51,27.92,I,Former
TCGA-LUAD-MUT-0098,Mutant,Missense,381.0,0.438,9.7,III,Former
TCGA-LUAD-MUT-0099,Mutant,Missense,175.0,0.621,11.89,I,Former
TCGA-LUAD-MUT-0100,Mutant,Missense,245.0,0.931,15.83,IV,Former
TCGA-LUAD-MUT-0101,Mutant,Missense,336.0,0.554,64.23,I,Smoker
TCGA-LUAD-MUT-0102,Mutant,Nonsense,282.0,0.732,22.81,III,Smoker
TCGA-LUAD-MUT-0103,Mutant,Missense,146.0,0.636,9.34,IV,Former
TCGA-LUAD-MUT-0104,Mutant,Missense,353.0,0.337,19.73,I,Smoker
TCGA-LUAD-MUT-0105,Mutant,Splice Site,304.0,0.48,7.2,II,Never
TCGA-LUAD-MUT-0106,Mutant,Missense,293.0,0.727,25.3,III,Former
TCGA-LUAD-MUT-0107,Mutant,Missense,273.0,0.757,44.94,II,Never
TCGA-LUAD-MUT-0108,Mutant,Nonsense,266.0,0.669,45.05,I,Smoker
TCGA-LUAD-MUT-0109,Mutant,Missense,388.0,0.847,25.56,I,Never
TCGA-LUAD-MUT-0110,Mutant,Missense,141.0,0.921,11.59,I,Former
TCGA-LUAD-MUT-0111,Mutant,Missense,315.0,0.588,7.53,IV,Former
TCGA-LUAD-MUT-0112,Mutant,Missense,144.0,0.395,7.1,II,Former
TCGA-LUAD-MUT-0113,Mutant,Splice Site,141.0,0.805,3.05,I,Smoker
TCGA-LUAD-MUT-0114,Mutant,Frameshift,166.0,0.984,24.94,II,Former
TCGA-LUAD-MUT-0115,Mutant,Nonsense,156.0,0.153,15.46,II,Former
TCGA-LUAD-MUT-0116,Mutant,Frameshift,247.0,0.515,28.38,I,Smoker
TCGA-LUAD-MUT-0117,Mutant,Frameshift,365.0,0.67,38.74,II,Smoker
TCGA-LUAD-MUT-0118,Mutant,Missense,165.0,0.13,17.46,I,Never
TCGA-LUAD-MUT-0119,Mutant,Frameshift,126.0,0.564,17.95,I,Never
TCGA-LUAD-MUT-0120,Mutant,Missense,268.0,0.51,12.45,III,Never
TCGA-LUAD-MUT-0121,Mutant,Frameshift,328.0,0.477,13.36,I,Former
TCGA-LUAD-MUT-0122,Mutant,Frameshift,300.0,0.898,25.46,III,Smoker
TCGA-LUAD-MUT-0123,Mutant,Missense,215.0,0.472,14.81,II,Smoker
TCGA-LUAD-MUT-0124,Mutant,Missense,243.0,0.225,13.58,II,Smoker
TCGA-LUAD-MUT-0125,Mutant,Missense,278.0,0.671,16.26,III,Smoker
TCGA-LUAD-MUT-0126,Mutant,Missense,228.0,0.534,27.99,II,Smoker
TCGA-LUAD-MUT-0127,Mutant,Frameshift,150.0,0.451,10.85,IV,Smoker
TCGA-LUAD-MUT-0128,Mutant,Frameshift,282.0,0.325,15.8,III,Smoker
TCGA-LUAD-MUT-0129,Mutant,Missense,147.0,0.349,19.05,II,Never
TCGA-LUAD-MUT-0130,Mutant,Missense,203.0,0.933,32.99,III,Smoker
TCGA-LUAD-MUT-0131,Mutant,Missense,202.0,0.483,14.25,III,Never
TCGA-LUAD-MUT-0132,Mutant,Missense,241.0,0.771,10.69,I,Former
TCGA-LUAD-MUT-0133,Mutant,Missense,275.0,0.465,12.3,I,Smoker
TCGA-LUAD-MUT-0134,Mutant,Missense,175.0,0.36,30.93,I,Smoker
TCGA-LUAD-MUT-0135,Mutant,Splice Site,319.0,0.435,55.7,IV,Smoker
TCGA-LUAD-MUT-0136,Mutant,Missense,234.0,0.702,7.48,III,Smoker
TCGA-LUAD-MUT-0137,Mutant,Missense,175.0,0.866,8.52,IV,Former
TCGA-LUAD-MUT-0138,Mutant,Nonsense,330.0,0.69,14.86,III,Smoker
TCGA-LUAD-MUT-0139,Mutant,Missense,268.0,0.525,17.58,II,Smoker
TCGA-LUAD-MUT-0140,Mutant,In-frame Deletion,337.0,0.559,26.37,I,Smoker
TCGA-LUAD-MUT-0141,Mutant,Splice Site,324.0,0.746,9.63,III,Never
TCGA-LUAD-MUT-0142,Mutant,Missense,113.0,0.62,8.69,II,Former
TCGA-LUAD-MUT-0143,Mutant,Missense,135.0,0.337,17.87,IV,Former
TCGA-LUAD-MUT-0144,Mutant,Missense,268.0,0.578,14.08,I,Smoker
TCGA-LUAD-MUT-0145,Mutant,Missense,238.0,0.824,28.68,II,Former
TCGA-LUAD-MUT-0146,Mutant,Missense,175.0,0.599,22.03,III,Former
TCGA-LUAD-MUT-0147,Mutant,Missense,228.0,0.638,22.95,III,Former
TCGA-LUAD-MUT-0148,Mutant,Missense,151.0,0.88,15.45,II,Never
TCGA-LUAD-MUT-0149,Mutant,Missense,284.0,0.699,67.58,III,Smoker
TCGA-LUAD-MUT-0150,Mutant,Missense,127.0,0.599,9.95,I,Never
TCGA-LUAD-MUT-0151,Mutant,Splice Site,316.0,0.395,23.72,III,Never
TCGA-LUAD-MUT-0152,Mutant,Missense,335.0,0.761,7.68,III,Smoker
TCGA-LUAD-MUT-0153,Mutant,Missense,257.0,0.639,8.64,IV,Former
TCGA-LUAD-MUT-0154,Mutant,Missense,274.0,0.71,11.42,III,Never
TCGA-LUAD-MUT-0155,Mutant,In-frame Deletion,103.0,0.655,43.71,I,Smoker
TCGA-LUAD-MUT-0156,Mutant,Missense,390.0,0.643,19.27,I,Former
TCGA-LUAD-MUT-0157,Mutant,Nonsense,195.0,0.848,11.54,IV,Never
TCGA-LUAD-MUT-0158,Mutant,Nonsense,120.0,0.291,20.59,II,Former
TCGA-LUAD-MUT-0159,Mutant,Missense,150.0,0.117,16.8,IV,Smoker
TCGA-LUAD-MUT-0160,Mutant,Nonsense,175.0,0.321,12.24,I,Former
TCGA-LUAD-MUT-0161,Mutant,Missense,104.0,0.852,7.11,III,Smoker
TCGA-LUAD-MUT-0162,Mutant,Nonsense,202.0,0.257,38.98,III,Former
TCGA-LUAD-MUT-0163,Mutant,Nonsense,195.0,0.858,18.65,IV,Smoker
TCGA-LUAD-MUT-0164,Mutant,Missense,108.0,0.531,60.6,I,Former
TCGA-LUAD-MUT-0165,Mutant,Missense,248.0,0.57,28.91,III,Former
TCGA-LUAD-MUT-0166,Mutant,Frameshift,160.0,0.798,22.89,II,Former
TCGA-LUAD-MUT-0167,Mutant,Missense,232.0,0.755,12.67,I,Former
TCGA-LUAD-MUT-0168,Mutant,Missense,282.0,0.766,8.52,III,Former
TCGA-LUAD-MUT-0169,Mutant,Missense,237.0,0.362,14.43,III,Former
TCGA-LUAD-MUT-0170,Mutant,Missense,274.0,0.847,8.38,IV,Smoker
TCGA-LUAD-MUT-0171,Mutant,Nonsense,173.0,0.64,24.29,II,Former
TCGA-LUAD-MUT-0172,Mutant,Missense,184.0,0.61,43.8,I,Smoker
TCGA-LUAD-MUT-0173,Mutant,Missense,214.0,0.68,14.06,I,Never
TCGA-LUAD-MUT-0174,Mutant,Missense,266.0,0.403,28.98,II,Smoker
TCGA-LUAD-MUT-0175,Mutant,Nonsense,272.0,0.528,10.87,I,Smoker
TCGA-LUAD-MUT-0176,Mutant,Missense,286.0,0.456,13.72,III,Former
TCGA-LUAD-MUT-0177,Mutant,Nonsense,382.0,0.198,10.08,II,Former
TCGA-LUAD-MUT-0178,Mutant,Missense,197.0,0.411,4.57,IV,Smoker
TCGA-LUAD-MUT-0179,Mutant,Splice Site,290.0,0.95,16.09,IV,Former
TCGA-LUAD-MUT-0180,Mutant,Missense,127.0,0.47,17.76,III,Former
TCGA-LUAD-MUT-0181,Mutant,Missense,248.0,0.499,31.17,IV,Former
TCGA-LUAD-MUT-0182,Mutant,Missense,125.0,0.497,26.5,III,Smoker
TCGA-LUAD-MUT-0183,Mutant,Splice Site,304.0,0.844,26.72,II,Former
TCGA-LUAD-MUT-0184,Mutant,Frameshift,281.0,0.673,9.17,I,Former
TCGA-LUAD-MUT-0185,Mutant,Missense,175.0,0.512,21.67,II,Former
TCGA-LUAD-MUT-0186,Mutant,Nonsense,225.0,0.749,42.5,II,Former
TCGA-LUAD-MUT-0187,Mutant,Frameshift,192.0,0.819,20.65,IV,Former
TCGA-LUAD-MUT-0188,Mutant,Missense,219.0,0.186,49.26,II,Smoker
TCGA-LUAD-MUT-0189,Mutant,Missense,221.0,0.738,55.22,IV,Smoker
TCGA-LUAD-MUT-0190,Mutant,Missense,334.0,0.536,14.0,III,Smoker
TCGA-LUAD-MUT-0191,Mutant,Missense,173.0,0.23,10.82,I,Smoker
TCGA-LUAD-MUT-0192,Mutant,Frameshift,245.0,0.635,10.41,IV,Smoker
TCGA-LUAD-MUT-0193,Mutant,Splice Site,273.0,0.649,6.62,II,Former
TCGA-LUAD-MUT-0194,Mutant,Nonsense,273.0,0.899,12.05,II,Smoker
TCGA-LUAD-MUT-0195,Mutant,Missense,216.0,0.69,33.94,III,Never
TCGA-LUAD-MUT-0196,Mutant,Missense,390.0,0.166,4.38,I,Smoker
TCGA-LUAD-MUT-0197,Mutant,Nonsense,187.0,0.609,8.82,III,Former
TCGA-LUAD-MUT-0198,Mutant,Frameshift,372.0,0.903,15.24,II,Former
TCGA-LUAD-MUT-0199,Mutant,Frameshift,196.0,0.666,9.72,II,Smoker
TCGA-LUAD-MUT-0200,Mutant,Nonsense,378.0,0.203,11.98,IV,Smoker
TCGA-LUAD-MUT-0201,Mutant,Nonsense,268.0,0.571,12.09,II,Former
TCGA-LUAD-MUT-0202,Mutant,Missense,352.0,0.597,14.09,I,Smoker
TCGA-LUAD-MUT-0203,Mutant,Missense,183.0,0.362,10.62,II,Never
TCGA-LUAD-MUT-0204,Mutant,Frameshift,343.0,0.758,10.11,IV,Former
TCGA-LUAD-MUT-0205,Mutant,Missense,121.0,0.541,28.81,I,Never
TCGA-LUAD-MUT-0206,Mutant,Missense,303.0,0.544,30.87,I,Smoker
TCGA-LUAD-MUT-0207,Mutant,Missense,326.0,0.652,7.18,I,Former
TCGA-LUAD-MUT-0208,Mutant,Nonsense,233.0,0.577,3.14,I,Former
TCGA-LUAD-MUT-0209,Mutant,Missense,218.0,0.954,31.13,III,Former
TCGA-LUAD-MUT-0210,Mutant,Missense,142.0,0.78,7.87,III,Smoker
TCGA-LUAD-MUT-0211,Mutant,Missense,253.0,0.443,18.68,II,Former
TCGA-LUAD-MUT-0212,Mutant,Nonsense,175.0,0.577,6.43,III,Former
TCGA-LUAD-MUT-0213,Mutant,Nonsense,248.0,0.817,35.83,II,Former
TCGA-LUAD-MUT-0214,Mutant,Missense,177.0,0.965,75.66,IV,Smoker
TCGA-LUAD-MUT-0215,Mutant,Nonsense,224.0,0.971,18.35,IV,Never
TCGA-LUAD-MUT-0216,Mutant,Missense,192.0,0.743,15.54,II,Smoker
TCGA-LUAD-MUT-0217,Mutant,Missense,293.0,0.332,13.55,IV,Former
TCGA-LUAD-MUT-0218,Mutant,Nonsense,271.0,0.608,26.29,III,Never
TCGA-LUAD-MUT-0219,Mutant,Nonsense,177.0,0.257,23.12,I,Former
TCGA-LUAD-MUT-0220,Mutant,Frameshift,109.0,0.101,30.03,I,Former
TCGA-LUAD-MUT-0221,Mutant,Nonsense,199.0,0.835,11.28,II,Smoker
TCGA-LUAD-MUT-0222,Mutant,Missense,368.0,0.842,20.17,III,Never
TCGA-LUAD-MUT-0223,Mutant,Missense,175.0,0.454,11.88,IV,Smoker
TCGA-LUAD-MUT-0224,Mutant,Missense,241.0,0.599,8.72,III,Former
TCGA-LUAD-MUT-0225,Mutant,Missense,242.0,0.523,16.04,IV,Former
TCGA-LUAD-MUT-0226,Mutant,Missense,363.0,0.837,9.45,III,Former
TCGA-LUAD-MUT-0227,Mutant,In-frame Deletion,168.0,0.815,33.26,III,Smoker
TCGA-LUAD-MUT-0228,Mutant,Missense,185.0,0.781,9.8,III,Former
TCGA-LUAD-MUT-0229,Mutant,Frameshift,109.0,0.268,20.45,II,Former
TCGA-LUAD-MUT-0230,Mutant,Nonsense,245.0,0.749,11.45,II,Smoker
TCGA-LUAD-MUT-0231,Mutant,Nonsense,224.0,0.793,19.42,III,Never
TCGA-LUAD-MUT-0232,Mutant,Missense,211.0,0.592,12.01,I,Smoker
TCGA-LUAD-MUT-0233,Mutant,Missense,224.0,0.763,7.73,III,Smoker
TCGA-LUAD-MUT-0234,Mutant,Missense,368.0,0.437,21.98,I,Smoker
TCGA-LUAD-MUT-0235,Mutant,Missense,354.0,0.885,14.28,II,Smoker
TCGA-LUAD-MUT-0236,Mutant,Nonsense,200.0,0.368,19.52,III,Never
TCGA-LUAD-MUT-0237,Mutant,Missense,131.0,0.274,12.71,I,Smoker
TCGA-LUAD-MUT-0238,Mutant,Missense,264.0,0.146,7.41,I,Smoker
TCGA-LUAD-MUT-0239,Mutant,Nonsense,254.0,0.48,31.5,II,Smoker
TCGA-LUAD-MUT-0240,Mutant,Missense,303.0,0.855,25.59,IV,Former
TCGA-LUAD-MUT-0241,Mutant,Splice Site,280.0,0.936,11.7,I,Former
TCGA-LUAD-MUT-0242,Mutant,Splice Site,215.0,0.223,17.15,IV,Smoker
TCGA-LUAD-MUT-0243,Mutant,Splice Site,278.0,0.834,30.73,I,Smoker
TCGA-LUAD-MUT-0244,Mutant,Missense,198.0,0.757,12.5,IV,Never
TCGA-LUAD-MUT-0245,Mutant,Missense,245.0,0.646,13.72,IV,Smoker
TCGA-LUAD-MUT-0246,Mutant,Splice Site,273.0,0.521,19.03,II,Former
TCGA-LUAD-MUT-0247,Mutant,Missense,284.0,0.507,12.49,II,Smoker
TCGA-LUAD-MUT-0248,Mutant,Splice Site,356.0,0.573,27.5,II,Former
TCGA-LUAD-MUT-0249,Mutant,Splice Site,245.0,0.523,14.86,III,Smoker
TCGA-LUAD-MUT-0250,Mutant,Frameshift,194.0,0.749,10.27,I,Former
TCGA-LUAD-MUT-0251,Mutant,Missense,175.0,0.525,23.69,I,Smoker
TCGA-LUAD-MUT-0252,Mutant,Missense,105.0,0.873,8.29,I,Never
TCGA-LUAD-MUT-0253,Mutant,Frameshift,310.0,0.793,55.09,II,Smoker
TCGA-LUAD-MUT-0254,Mutant,Missense,195.0,0.462,42.5,I,Former
TCGA-LUAD-MUT-0255,Mutant,Missense,282.0,0.535,22.38,III,Smoker
TCGA-LUAD-MUT-0256,Mutant,Missense,381.0,0.987,21.28,IV,Smoker
TCGA-LUAD-MUT-0257,Mutant,Splice Site,275.0,0.553,20.69,II,Former
TCGA-LUAD-MUT-0258,Mutant,Nonsense,323.0,0.747,12.26,II,Smoker
TCGA-LUAD-MUT-0259,Mutant,Missense,207.0,0.62,19.66,II,Never
TCGA-LUAD-MUT-0260,Mutant,Missense,245.0,0.506,9.45,III,Never
TCGA-LUAD-MUT-0261,Mutant,Missense,173.0,0.858,22.25,IV,Never
TCGA-LUAD-MUT-0262,Mutant,In-frame Deletion,215.0,0.607,27.68,IV,Smoker
TCGA-LUAD-MUT-0263,Mutant,Missense,141.0,0.61,13.11,IV,Former
TCGA-LUAD-MUT-0264,Mutant,Missense,187.0,0.393,11.51,I,Smoker
TCGA-LUAD-MUT-0265,Mutant,Frameshift,237.0,0.33,7.94,III,Never
TCGA-LUAD-MUT-0266,Mutant,Nonsense,367.0,0.864,39.44,III,Former
TCGA-LUAD-MUT-0267,Mutant,Nonsense,229.0,0.836,12.07,I,Former
TCGA-LUAD-MUT-0268,Mutant,Nonsense,249.0,0.824,14.6,IV,Former
TCGA-LUAD-MUT-0269,Mutant,Missense,271.0,0.836,19.69,I,Former
TCGA-LUAD-MUT-0270,Mutant,Missense,273.0,0.786,19.48,III,Smoker
TCGA-LUAD-MUT-0271,Mutant,Frameshift,279.0,0.616,25.74,I,Former
TCGA-LUAD-MUT-0272,Mutant,Frameshift,243.0,0.53,13.1,II,Smoker
TCGA-LUAD-MUT-0273,Mutant,Frameshift,196.0,0.964,8.3,III,Former
TCGA-LUAD-MUT-0274,Mutant,Splice Site,252.0,0.878,7.48,II,Former
TCGA-LUAD-MUT-0275,Mutant,Missense,263.0,0.654,11.62,II,Former
TCGA-LUAD-MUT-0276,Mutant,Missense,271.0,0.622,9.29,I,Smoker
TCGA-LUAD-MUT-0277,Mutant,Nonsense,291.0,0.762,13.71,III,Former
TCGA-LUAD-MUT-0278,Mutant,Nonsense,249.0,0.879,36.04,I,Smoker
TCGA-LUAD-MUT-0279,Mutant,Nonsense,273.0,0.687,13.11,II,Former
TCGA-LUAD-MUT-0280,Mutant,Nonsense,304.0,0.524,13.11,IV,Smoker
TCGA-LUAD-MUT-0281,Mutant,Frameshift,133.0,0.579,16.28,III,Smoker
TCGA-LUAD-MUT-0282,Mutant,Missense,307.0,0.581,12.89,II,Smoker
TCGA-LUAD-MUT-0283,Mutant,Missense,248.0,0.594,15.79,III,Former
TCGA-LUAD-MUT-0284,Mutant,Missense,354.0,0.713,22.75,III,Smoker
TCGA-LUAD-MUT-0285,Mutant,Missense,249.0,0.694,27.96,IV,Smoker
TCGA-LUAD-MUT-0286,Mutant,Missense,363.0,0.42,30.02,II,Never
TCGA-LUAD-MUT-0287,Mutant,Missense,337.0,0.978,56.49,I,Smoker
TCGA-LUAD-MUT-0288,Mutant,Missense,293.0,0.75,23.14,I,Former
TCGA-LUAD-MUT-0289,Mutant,Missense,302.0,0.86,62.85,I,Former
TCGA-LUAD-MUT-0290,Mutant,Missense,273.0,0.724,10.32,II,Never
TCGA-LUAD-MUT-0291,Mutant,Missense,170.0,0.74,57.67,I,Former
TCGA-LUAD-MUT-0292,Mutant,Missense,340.0,0.656,13.09,III,Former
TCGA-LUAD-MUT-0293,Mutant,Frameshift,116.0,0.709,13.88,II,Former
TCGA-LUAD-MUT-0294,Mutant,Missense,197.0,0.679,15.3,I,Smoker
TCGA-LUAD-MUT-0295,Mutant,Missense,275.0,0.803,14.42,IV,Former
TCGA-LUAD-WT-0001,WT,WT,,,9.42,I,Never
TCGA-LUAD-WT-0002,WT,WT,,,6.75,IV,Smoker
TCGA-LUAD-WT-0003,WT,WT,,,13.67,II,Never
TCGA-LUAD-WT-0004,WT,WT,,,6.85,II,Former
TCGA-LUAD-WT-0005,WT,WT,,,12.53,I,Smoker
TCGA-LUAD-WT-0006,WT,WT,,,19.37,III,Former
TCGA-LUAD-WT-0007,WT,WT,,,7.55,I,Never
TCGA-LUAD-WT-0008,WT,WT,,,13.43,IV,Smoker
TCGA-LUAD-WT-0009,WT,WT,,,11.94,III,Former
TCGA-LUAD-WT-0010,WT,WT,,,27.84,I,Former
TCGA-LUAD-WT-0011,WT,WT,,,7.01,III,Never
TCGA-LUAD-WT-0012,WT,WT,,,13.43,III,Former
TCGA-LUAD-WT-0013,WT,WT,,,4.0,II,Smoker
TCGA-LUAD-WT-0014,WT,WT,,,7.04,I,Smoker
TCGA-LUAD-WT-0015,WT,WT,,,10.77,I,Former
TCGA-LUAD-WT-0016,WT,WT,,,18.11,I,Former
TCGA-LUAD-WT-0017,WT,WT,,,4.89,I,Never
TCGA-LUAD-WT-0018,WT,WT,,,13.37,IV,Smoker
TCGA-LUAD-WT-0019,WT,WT,,,8.74,I,Former
TCGA-LUAD-WT-0020,WT,WT,,,4.22,III,Smoker
TCGA-LUAD-WT-0021,WT,WT,,,9.88,I,Smoker
TCGA-LUAD-WT-0022,WT,WT,,,21.21,II,Former
TCGA-LUAD-WT-0023,WT,WT,,,5.15,III,Former
TCGA-LUAD-WT-0024,WT,WT,,,8.54,IV,Former
TCGA-LUAD-WT-0025,WT,WT,,,5.51,I,Never
TCGA-LUAD-WT-0026,WT,WT,,,7.14,II,Former
TCGA-LUAD-WT-0027,WT,WT,,,18.47,II,Never
TCGA-LUAD-WT-0028,WT,WT,,,7.88,I,Never
TCGA-LUAD-WT-0029,WT,WT,,,18.19,I,Former
TCGA-LUAD-WT-0030,WT,WT,,,15.71,II,Never
TCGA-LUAD-WT-0031,WT,WT,,,7.53,II,Former
TCGA-LUAD-WT-0032,WT,WT,,,7.02,III,Smoker
TCGA-LUAD-WT-0033,WT,WT,,,5.77,II,Former
TCGA-LUAD-WT-0034,WT,WT,,,5.67,II,Smoker
TCGA-LUAD-WT-0035,WT,WT,,,10.77,II,Former
TCGA-LUAD-WT-0036,WT,WT,,,8.94,III,Former
TCGA-LUAD-WT-0037,WT,WT,,,6.61,III,Smoker
TCGA-LUAD-WT-0038,WT,WT,,,4.16,II,Smoker
TCGA-LUAD-WT-0039,WT,WT,,,9.52,III,Never
TCGA-LUAD-WT-0040,WT,WT,,,7.14,I,Former
TCGA-LUAD-WT-0041,WT,WT,,,8.19,II,Smoker
TCGA-LUAD-WT-0042,WT,WT,,,10.51,I,Former
TCGA-LUAD-WT-0043,WT,WT,,,2.58,II,Former
TCGA-LUAD-WT-0044,WT,WT,,,4.19,III,Former
TCGA-LUAD-WT-0045,WT,WT,,,28.45,IV,Never
TCGA-LUAD-WT-0046,WT,WT,,,7.01,I,Former
TCGA-LUAD-WT-0047,WT,WT,,,2.56,II,Smoker
TCGA-LUAD-WT-0048,WT,WT,,,4.37,II,Never
TCGA-LUAD-WT-0049,WT,WT,,,31.26,I,Never
TCGA-LUAD-WT-0050,WT,WT,,,6.35,I,Smoker
TCGA-LUAD-WT-0051,WT,WT,,,16.11,I,Smoker
TCGA-LUAD-WT-0052,WT,WT,,,9.59,I,Smoker
TCGA-LUAD-WT-0053,WT,WT,,,7.08,I,Former
TCGA-LUAD-WT-0054,WT,WT,,,13.3,I,Former
TCGA-LUAD-WT-0055,WT,WT,,,2.74,I,Former
TCGA-LUAD-WT-0056,WT,WT,,,4.39,III,Never
TCGA-LUAD-WT-0057,WT,WT,,,7.06,II,Former
TCGA-LUAD-WT-0058,WT,WT,,,4.61,IV,Smoker
TCGA-LUAD-WT-0059,WT,WT,,,6.75,II,Smoker
TCGA-LUAD-WT-0060,WT,WT,,,13.83,III,Former
TCGA-LUAD-WT-0061,WT,WT,,,9.64,IV,Smoker
TCGA-LUAD-WT-0062,WT,WT,,,17.55,III,Former
TCGA-LUAD-WT-0063,WT,WT,,,9.95,II,Never
TCGA-LUAD-WT-0064,WT,WT,,,14.82,III,Smoker
TCGA-LUAD-WT-0065,WT,WT,,,8.74,I,Former
TCGA-LUAD-WT-0066,WT,WT,,,6.72,I,Never
TCGA-LUAD-WT-0067,WT,WT,,,18.92,II,Former
TCGA-LUAD-WT-0068,WT,WT,,,6.33,II,Smoker
TCGA-LUAD-WT-0069,WT,WT,,,10.72,I,Former
TCGA-LUAD-WT-0070,WT,WT,,,13.26,IV,Smoker
TCGA-LUAD-WT-0071,WT,WT,,,13.75,III,Never
TCGA-LUAD-WT-0072,WT,WT,,,5.04,II,Smoker
TCGA-LUAD-WT-0073,WT,WT,,,15.27,IV,Former
TCGA-LUAD-WT-0074,WT,WT,,,5.53,II,Former
TCGA-LUAD-WT-0075,WT,WT,,,13.54,IV,Never
TCGA-LUAD-WT-0076,WT,WT,,,11.79,II,Smoker
TCGA-LUAD-WT-0077,WT,WT,,,13.59,I,Smoker
TCGA-LUAD-WT-0078,WT,WT,,,4.94,III,Smoker
TCGA-LUAD-WT-0079,WT,WT,,,12.11,III,Smoker
TCGA-LUAD-WT-0080,WT,WT,,,15.53,III,Smoker
TCGA-LUAD-WT-0081,WT,WT,,,9.94,IV,Former
TCGA-LUAD-WT-0082,WT,WT,,,5.99,III,Smoker
TCGA-LUAD-WT-0083,WT,WT,,,14.29,II,Smoker
TCGA-LUAD-WT-0084,WT,WT,,,9.55,III,Never
TCGA-LUAD-WT-0085,WT,WT,,,3.91,III,Smoker
TCGA-LUAD-WT-0086,WT,WT,,,5.77,II,Smoker
TCGA-LUAD-WT-0087,WT,WT,,,6.94,IV,Smoker
TCGA-LUAD-WT-0088,WT,WT,,,19.16,I,Never
TCGA-LUAD-WT-0089,WT,WT,,,17.55,III,Smoker
TCGA-LUAD-WT-0090,WT,WT,,,17.52,IV,Never
TCGA-LUAD-WT-0091,WT,WT,,,10.14,III,Former
TCGA-LUAD-WT-0092,WT,WT,,,14.25,III,Smoker
TCGA-LUAD-WT-0093,WT,WT,,,5.1,III,Never
TCGA-LUAD-WT-0094,WT,WT,,,9.06,II,Smoker
TCGA-LUAD-WT-0095,WT,WT,,,11.31,IV,Smoker
TCGA-LUAD-WT-0096,WT,WT,,,5.27,I,Never
TCGA-LUAD-WT-0097,WT,WT,,,10.02,I,Former
TCGA-LUAD-WT-0098,WT,WT,,,20.97,I,Former
TCGA-LUAD-WT-0099,WT,WT,,,11.93,II,Smoker
TCGA-LUAD-WT-0100,WT,WT,,,14.28,II,Former
TCGA-LUAD-WT-0101,WT,WT,,,2.65,III,Never
TCGA-LUAD-WT-0102,WT,WT,,,19.67,II,Smoker
TCGA-LUAD-WT-0103,WT,WT,,,8.22,II,Smoker
TCGA-LUAD-WT-0104,WT,WT,,,6.15,I,Smoker
TCGA-LUAD-WT-0105,WT,WT,,,8.27,II,Smoker
TCGA-LUAD-WT-0106,WT,WT,,,4.3,II,Never
TCGA-LUAD-WT-0107,WT,WT,,,15.24,I,Former
TCGA-LUAD-WT-0108,WT,WT,,,7.63,I,Never
TCGA-LUAD-WT-0109,WT,WT,,,6.24,I,Smoker
TCGA-LUAD-WT-0110,WT,WT,,,8.3,I,Former
TCGA-LUAD-WT-0111,WT,WT,,,15.78,II,Smoker
TCGA-LUAD-WT-0112,WT,WT,,,9.64,I,Smoker
TCGA-LUAD-WT-0113,WT,WT,,,4.46,III,Smoker
TCGA-LUAD-WT-0114,WT,WT,,,11.39,III,Smoker
TCGA-LUAD-WT-0115,WT,WT,,,5.67,II,Former
TCGA-LUAD-WT-0116,WT,WT,,,3.07,IV,Never
TCGA-LUAD-WT-0117,WT,WT,,,19.07,II,Former
TCGA-LUAD-WT-0118,WT,WT,,,11.34,II,Smoker
TCGA-LUAD-WT-0119,WT,WT,,,8.68,IV,Smoker
TCGA-LUAD-WT-0120,WT,WT,,,7.59,I,Smoker
TCGA-LUAD-WT-0121,WT,WT,,,18.15,IV,Former
TCGA-LUAD-WT-0122,WT,WT,,,42.25,I,Former
TCGA-LUAD-WT-0123,WT,WT,,,11.3,II,Never
TCGA-LUAD-WT-0124,WT,WT,,,5.39,I,Smoker
TCGA-LUAD-WT-0125,WT,WT,,,8.35,III,Former
TCGA-LUAD-WT-0126,WT,WT,,,11.19,II,Former
TCGA-LUAD-WT-0127,WT,WT,,,2.79,III,Former
TCGA-LUAD-WT-0128,WT,WT,,,10.67,I,Former
TCGA-LUAD-WT-0129,WT,WT,,,11.23,I,Former
TCGA-LUAD-WT-0130,WT,WT,,,17.52,I,Former
TCGA-LUAD-WT-0131,WT,WT,,,16.63,I,Smoker
TCGA-LUAD-WT-0132,WT,WT,,,9.54,IV,Never
TCGA-LUAD-WT-0133,WT,WT,,,19.25,I,Smoker
TCGA-LUAD-WT-0134,WT,WT,,,24.97,III,Former
TCGA-LUAD-WT-0135,WT,WT,,,9.15,III,Former
TCGA-LUAD-WT-0136,WT,WT,,,11.12,I,Former
TCGA-LUAD-WT-0137,WT,WT,,,3.73,II,Never
TCGA-LUAD-WT-0138,WT,WT,,,4.37,I,Never
TCGA-LUAD-WT-0139,WT,WT,,,5.94,I,Never
TCGA-LUAD-WT-0140,WT,WT,,,7.23,I,Former
TCGA-LUAD-WT-0141,WT,WT,,,5.22,II,Former
TCGA-LUAD-WT-0142,WT,WT,,,8.86,II,Former
TCGA-LUAD-WT-0143,WT,WT,,,7.34,II,Never
TCGA-LUAD-WT-0144,WT,WT,,,15.42,II,Former
TCGA-LUAD-WT-0145,WT,WT,,,7.12,I,Never
TCGA-LUAD-WT-0146,WT,WT,,,2.88,III,Never
TCGA-LUAD-WT-0147,WT,WT,,,9.61,III,Former
TCGA-LUAD-WT-0148,WT,WT,,,8.96,I,Smoker
TCGA-LUAD-WT-0149,WT,WT,,,5.86,I,Smoker
TCGA-LUAD-WT-0150,WT,WT,,,9.46,III,Never
TCGA-LUAD-WT-0151,WT,WT,,,5.27,II,Smoker
TCGA-LUAD-WT-0152,WT,WT,,,10.64,III,Never
TCGA-LUAD-WT-0153,WT,WT,,,33.67,I,Former
TCGA-LUAD-WT-0154,WT,WT,,,3.66,II,Former
TCGA-LUAD-WT-0155,WT,WT,,,6.97,I,Never
TCGA-LUAD-WT-0156,WT,WT,,,6.43,I,Former
TCGA-LUAD-WT-0157,WT,WT,,,7.27,II,Former
TCGA-LUAD-WT-0158,WT,WT,,,15.03,II,Former
TCGA-LUAD-WT-0159,WT,WT,,,11.84,III,Smoker
TCGA-LUAD-WT-0160,WT,WT,,,13.8,III,Never
TCGA-LUAD-WT-0161,WT,WT,,,9.16,II,Smoker
TCGA-LUAD-WT-0162,WT,WT,,,4.66,III,Never
TCGA-LUAD-WT-0163,WT,WT,,,5.17,I,Never
TCGA-LUAD-WT-0164,WT,WT,,,13.11,II,Smoker
TCGA-LUAD-WT-0165,WT,WT,,,9.83,III,Former
TCGA-LUAD-WT-0166,WT,WT,,,16.95,II,Former
TCGA-LUAD-WT-0167,WT,WT,,,10.45,II,Smoker
TCGA-LUAD-WT-0168,WT,WT,,,5.0,I,Never
TCGA-LUAD-WT-0169,WT,WT,,,6.95,II,Smoker
TCGA-LUAD-WT-0170,WT,WT,,,11.97,III,Smoker
TCGA-LUAD-WT-0171,WT,WT,,,12.87,III,Former
TCGA-LUAD-WT-0172,WT,WT,,,13.84,III,Former
TCGA-LUAD-WT-0173,WT,WT,,,5.34,III,Former
TCGA-LUAD-WT-0174,WT,WT,,,4.95,II,Former
TCGA-LUAD-WT-0175,WT,WT,,,8.21,II,Former
TCGA-LUAD-WT-0176,WT,WT,,,18.54,I,Former
TCGA-LUAD-WT-0177,WT,WT,,,6.38,II,Smoker
TCGA-LUAD-WT-0178,WT,WT,,,11.33,II,Smoker
TCGA-LUAD-WT-0179,WT,WT,,,11.33,IV,Smoker
TCGA-LUAD-WT-0180,WT,WT,,,13.2,II,Smoker
TCGA-LUAD-WT-0181,WT,WT,,,20.74,II,Former
TCGA-LUAD-WT-0182,WT,WT,,,19.71,II,Smoker
TCGA-LUAD-WT-0183,WT,WT,,,6.7,II,Smoker
TCGA-LUAD-WT-0184,WT,WT,,,3.16,III,Smoker
TCGA-LUAD-WT-0185,WT,WT,,,6.43,I,Never
TCGA-LUAD-WT-0186,WT,WT,,,9.37,II,Never
TCGA-LUAD-WT-0187,WT,WT,,,7.53,III,Former
TCGA-LUAD-WT-0188,WT,WT,,,24.14,II,Never
TCGA-LUAD-WT-0189,WT,WT,,,9.11,I,Never
TCGA-LUAD-WT-0190,WT,WT,,,12.51,III,Former
TCGA-LUAD-WT-0191,WT,WT,,,10.06,III,Smoker
TCGA-LUAD-WT-0192,WT,WT,,,7.59,I,Former
TCGA-LUAD-WT-0193,WT,WT,,,3.45,III,Former
TCGA-LUAD-WT-0194,WT,WT,,,8.68,III,Former
TCGA-LUAD-WT-0195,WT,WT,,,45.94,II,Former
TCGA-LUAD-WT-0196,WT,WT,,,4.84,IV,Former
TCGA-LUAD-WT-0197,WT,WT,,,3.64,III,Former
TCGA-LUAD-WT-0198,WT,WT,,,23.76,III,Never
TCGA-LUAD-WT-0199,WT,WT,,,13.08,III,Smoker
TCGA-LUAD-WT-0200,WT,WT,,,9.91,I,Former
TCGA-LUAD-WT-0201,WT,WT,,,17.84,I,Former
TCGA-LUAD-WT-0202,WT,WT,,,5.96,II,Former
TCGA-LUAD-WT-0203,WT,WT,,,8.56,I,Former
TCGA-LUAD-WT-0204,WT,WT,,,14.55,II,Smoker
TCGA-LUAD-WT-0205,WT,WT,,,25.92,IV,Former
TCGA-LUAD-WT-0206,WT,WT,,,5.03,III,Smoker
TCGA-LUAD-WT-0207,WT,WT,,,17.12,II,Former
TCGA-LUAD-WT-0208,WT,WT,,,10.92,III,Former
TCGA-LUAD-WT-0209,WT,WT,,,9.79,III,Former
TCGA-LUAD-WT-0210,WT,WT,,,8.99,II,Smoker
TCGA-LUAD-WT-0211,WT,WT,,,4.52,I,Former
TCGA-LUAD-WT-0212,WT,WT,,,14.61,II,Smoker
TCGA-LUAD-WT-0213,WT,WT,,,6.1,III,Never
TCGA-LUAD-WT-0214,WT,WT,,,5.26,II,Never
TCGA-LUAD-WT-0215,WT,WT,,,14.05,III,Never
TCGA-LUAD-WT-0216,WT,WT,,,13.39,I,Never
TCGA-LUAD-WT-0217,WT,WT,,,9.39,III,Former
TCGA-LUAD-WT-0218,WT,WT,,,15.48,III,Smoker
TCGA-LUAD-WT-0219,WT,WT,,,18.41,III,Smoker
TCGA-LUAD-WT-0220,WT,WT,,,17.36,IV,Former
TCGA-LUAD-WT-0221,WT,WT,,,6.93,III,Former
TCGA-LUAD-WT-0222,WT,WT,,,14.99,IV,Never
TCGA-LUAD-WT-0223,WT,WT,,,10.03,IV,Smoker
TCGA-LUAD-WT-0224,WT,WT,,,21.39,III,Never
TCGA-LUAD-WT-0225,WT,WT,,,8.48,III,Former
TCGA-LUAD-WT-0226,WT,WT,,,7.55,I,Former
TCGA-LUAD-WT-0227,WT,WT,,,6.64,II,Smoker
TCGA-LUAD-WT-0228,WT,WT,,,9.92,II,Smoker
TCGA-LUAD-WT-0229,WT,WT,,,11.4,I,Former
TCGA-LUAD-WT-0230,WT,WT,,,11.51,I,Former
TCGA-LUAD-WT-0231,WT,WT,,,10.75,IV,Smoker
TCGA-LUAD-WT-0232,WT,WT,,,12.62,IV,Former
TCGA-LUAD-WT-0233,WT,WT,,,8.07,III,Never
TCGA-LUAD-WT-0234,WT,WT,,,5.83,II,Never
TCGA-LUAD-WT-0235,WT,WT,,,5.59,I,Never
TCGA-LUAD-WT-0236,WT,WT,,,14.7,I,Smoker
TCGA-LUAD-WT-0237,WT,WT,,,11.42,I,Smoker
TCGA-LUAD-WT-0238,WT,WT,,,3.57,I,Former
TCGA-LUAD-WT-0239,WT,WT,,,15.62,I,Former
TCGA-LUAD-WT-0240,WT,WT,,,23.11,IV,Smoker
TCGA-LUAD-WT-0241,WT,WT,,,6.31,III,Smoker
TCGA-LUAD-WT-0242,WT,WT,,,10.68,I,Former
TCGA-LUAD-WT-0243,WT,WT,,,7.12,I,Smoker
TCGA-LUAD-WT-0244,WT,WT,,,12.36,II,Smoker
TCGA-LUAD-WT-0245,WT,WT,,,5.04,I,Smoker
TCGA-LUAD-WT-0246,WT,WT,,,8.71,IV,Smoker
TCGA-LUAD-WT-0247,WT,WT,,,14.74,II,Former
TCGA-LUAD-WT-0248,WT,WT,,,16.74,II,Former
TCGA-LUAD-WT-0249,WT,WT,,,11.17,II,Former
TCGA-LUAD-WT-0250,WT,WT,,,7.62,I,Smoker
TCGA-LUAD-WT-0251,WT,WT,,,4.07,II,Smoker
TCGA-LUAD-WT-0252,WT,WT,,,6.18,III,Former
TCGA-LUAD-WT-0253,WT,WT,,,7.14,III,Former
TCGA-LUAD-WT-0254,WT,WT,,,6.37,I,Former
TCGA-LUAD-WT-0255,WT,WT,,,9.3,II,Smoker
TCGA-LUAD-WT-0256,WT,WT,,,7.61,II,Never
TCGA-LUAD-WT-0257,WT,WT,,,9.84,III,Smoker
TCGA-LUAD-WT-0258,WT,WT,,,16.47,I,Former
TCGA-LUAD-WT-0259,WT,WT,,,7.37,I,Former
TCGA-LUAD-WT-0260,WT,WT,,,4.52,II,Former
TCGA-LUAD-WT-0261,WT,WT,,,6.35,II,Smoker
TCGA-LUAD-WT-0262,WT,WT,,,12.08,II,Former
TCGA-LUAD-WT-0263,WT,WT,,,12.67,II,Never
TCGA-LUAD-WT-0264,WT,WT,,,11.06,II,Smoker
TCGA-LUAD-WT-0265,WT,WT,,,17.29,III,Smoker
TCGA-LUAD-WT-0266,WT,WT,,,8.22,II,Smoker
TCGA-LUAD-WT-0267,WT,WT,,,25.18,IV,Never
TCGA-LUAD-WT-0268,WT,WT,,,13.59,II,Smoker
TCGA-LUAD-WT-0269,WT,WT,,,2.56,IV,Never
TCGA-LUAD-WT-0270,WT,WT,,,22.21,III,Former
TCGA-LUAD-WT-0271,WT,WT,,,6.15,I,Never
